name;label
extract_335.png;spur
extract_1285.png;spurious copper
extract_577.png;NOT
extract_423.png;spur
extract_650.png;NOT
extract_393.png;NOT
extract_520.png;short
extract_1012.png;short
extract_933.png;short
extract_1293.png;NOT
extract_1243.png;spur
extract_595.png;spur
extract_723.png;spur
extract_745.png;spur
extract_242.png;short
extract_469.png;spurious copper
extract_1351.png;spurious copper
extract_815.png;NOT
extract_40.png;NOT
extract_851.png;NOT
extract_602.png;NOT
extract_1164.png;NOT
extract_1197.png;short
extract_157.png;NOT
extract_761.png;spur
extract_429.png;spur
extract_534.png;spur
extract_768.png;spurious copper
extract_190.png;NOT
extract_1281.png;NOT
extract_206.png;spurious copper
extract_147.png;NOT
extract_1302.png;spur
extract_356.png;spurious copper
extract_1000.png;short
extract_794.png;NOT
extract_544.png;short
extract_1125.png;NOT
extract_404.png;NOT
extract_86.png;spurious copper
extract_764.png;NOT
extract_160.png;NOT
extract_1011.png;spurious copper
extract_61.png;NOT
extract_678.png;NOT
extract_1310.png;spurious copper
extract_284.png;short
extract_797.png;NOT
extract_695.png;NOT
extract_151.png;spur
extract_749.png;spurious copper
extract_1222.png;NOT
extract_781.png;spur
extract_1089.png;NOT
extract_347.png;NOT
extract_181.png;NOT
extract_958.png;NOT
extract_484.png;short
extract_324.png;NOT
extract_1033.png;spurious copper
extract_389.png;NOT
extract_52.png;NOT
extract_1234.png;short
extract_988.png;spur
extract_251.png;short
extract_1223.png;NOT
extract_1028.png;spurious copper
extract_717.png;NOT
extract_565.png;spurious copper
extract_1341.png;NOT
extract_1247.png;NOT
extract_813.png;NOT
extract_455.png;spurious copper
extract_1232.png;spur
extract_406.png;spurious copper
extract_661.png;spurious copper
extract_454.png;short
extract_740.png;NOT
extract_736.png;spur
extract_1317.png;short
extract_341.png;NOT
extract_1104.png;NOT
extract_833.png;spurious copper
extract_179.png;NOT
extract_112.png;short
extract_762.png;spur
extract_642.png;spurious copper
extract_263.png;NOT
extract_939.png;NOT
extract_502.png;spur
extract_844.png;spurious copper
extract_199.png;NOT
extract_730.png;NOT
extract_930.png;spur
extract_1211.png;spur
extract_10.png;NOT
extract_91.png;spur
extract_130.png;NOT
extract_1373.png;spurious copper
extract_991.png;spurious copper
extract_888.png;NOT
extract_430.png;spurious copper
extract_94.png;spur
extract_159.png;NOT
extract_898.png;NOT
extract_873.png;NOT
extract_333.png;NOT
extract_759.png;NOT
extract_79.png;NOT
extract_978.png;NOT
extract_728.png;spur
extract_1366.png;NOT
extract_463.png;NOT
extract_1087.png;NOT
extract_1358.png;spurious copper
extract_298.png;spurious copper
extract_1120.png;spur
extract_50.png;NOT
extract_378.png;spurious copper
extract_96.png;NOT
extract_506.png;NOT
extract_1073.png;NOT
extract_1295.png;NOT
extract_1284.png;NOT
extract_1225.png;spurious copper
extract_1177.png;spur
extract_1270.png;NOT
extract_842.png;spur
extract_1021.png;NOT
extract_394.png;spur
extract_1228.png;short
extract_922.png;NOT
extract_385.png;NOT
extract_1290.png;NOT
extract_1092.png;NOT
extract_49.png;NOT
extract_183.png;NOT
extract_497.png;NOT
extract_621.png;NOT
extract_883.png;NOT
extract_307.png;NOT
extract_1005.png;NOT
extract_860.png;NOT
extract_411.png;NOT
extract_836.png;NOT
extract_305.png;NOT
extract_150.png;NOT
extract_910.png;NOT
extract_928.png;spur
extract_1301.png;spurious copper
extract_1008.png;NOT
extract_315.png;spur
extract_1198.png;spur
extract_983.png;NOT
extract_121.png;NOT
extract_609.png;NOT
extract_875.png;NOT
extract_1329.png;NOT
extract_239.png;spur
extract_281.png;spur
extract_510.png;NOT
extract_944.png;NOT
extract_264.png;NOT
extract_194.png;NOT
extract_971.png;spur
extract_523.png;NOT
extract_1267.png;NOT
extract_839.png;spur
extract_1157.png;NOT
extract_1090.png;NOT
extract_849.png;spurious copper
extract_965.png;spur
extract_69.png;spurious copper
extract_786.png;NOT
extract_822.png;NOT
extract_71.png;spurious copper
extract_1349.png;short
extract_486.png;NOT
extract_714.png;spur
extract_442.png;short
extract_817.png;NOT
extract_1076.png;NOT
extract_1182.png;NOT
extract_106.png;short
extract_718.png;spurious copper
extract_980.png;NOT
extract_1131.png;NOT
extract_218.png;NOT
extract_1174.png;spur
extract_1075.png;NOT
extract_1059.png;NOT
extract_254.png;spurious copper
extract_434.png;short
extract_1038.png;NOT
extract_1154.png;NOT
extract_296.png;NOT
extract_932.png;NOT
extract_1350.png;spur
extract_88.png;short
extract_1340.png;spurious copper
extract_823.png;NOT
extract_951.png;NOT
extract_1190.png;spurious copper
extract_657.png;spur
extract_667.png;NOT
extract_459.png;NOT
extract_996.png;NOT
extract_65.png;NOT
extract_731.png;spur
extract_381.png;NOT
extract_102.png;spur
extract_615.png;NOT
extract_1132.png;NOT
extract_401.png;NOT
extract_516.png;NOT
extract_646.png;short
extract_275.png;NOT
extract_566.png;short
extract_491.png;NOT
extract_845.png;spur
extract_617.png;NOT
extract_90.png;spur
extract_1081.png;NOT
extract_504.png;spur
extract_962.png;spurious copper
extract_259.png;NOT
extract_20.png;NOT
extract_651.png;NOT
extract_816.png;NOT
extract_476.png;spur
extract_724.png;spur
extract_498.png;NOT
extract_126.png;NOT
extract_571.png;NOT
extract_116.png;NOT
extract_336.png;NOT
extract_1314.png;spur
extract_993.png;short
extract_912.png;NOT
extract_1382.png;NOT
extract_1054.png;NOT
extract_559.png;NOT
extract_156.png;spur
extract_592.png;NOT
extract_133.png;NOT
extract_704.png;short
extract_890.png;NOT
extract_277.png;NOT
extract_303.png;spurious copper
extract_465.png;NOT
extract_682.png;NOT
extract_249.png;NOT
extract_494.png;short
extract_1347.png;spurious copper
extract_973.png;NOT
extract_291.png;NOT
extract_391.png;NOT
extract_1189.png;spur
extract_350.png;spurious copper
extract_294.png;NOT
extract_26.png;NOT
extract_1253.png;NOT
extract_131.png;NOT
extract_93.png;NOT
extract_216.png;spurious copper
extract_362.png;short
extract_1297.png;spur
extract_41.png;NOT
extract_89.png;NOT
extract_1323.png;NOT
extract_982.png;spur
extract_795.png;NOT
extract_950.png;NOT
extract_1036.png;short
extract_852.png;NOT
extract_24.png;NOT
extract_163.png;spur
extract_451.png;NOT
extract_580.png;spurious copper
extract_536.png;spurious copper
extract_443.png;NOT
extract_772.png;spur
extract_1141.png;NOT
extract_395.png;NOT
extract_601.png;NOT
extract_43.png;NOT
extract_904.png;NOT
extract_146.png;NOT
extract_643.png;NOT
extract_1359.png;NOT
extract_639.png;short
extract_753.png;spur
extract_668.png;NOT
extract_1140.png;NOT
extract_399.png;NOT
extract_1145.png;spurious copper
extract_396.png;NOT
extract_825.png;NOT
extract_51.png;NOT
extract_1191.png;spur
extract_620.png;NOT
extract_166.png;NOT
extract_342.png;NOT
extract_238.png;NOT
extract_696.png;NOT
extract_228.png;NOT
extract_694.png;NOT
extract_712.png;NOT
extract_897.png;short
extract_919.png;spurious copper
extract_314.png;spur
extract_279.png;NOT
extract_47.png;NOT
extract_554.png;NOT
extract_48.png;spur
extract_63.png;NOT
extract_383.png;NOT
extract_881.png;NOT
extract_18.png;spurious copper
extract_405.png;NOT
extract_669.png;NOT
extract_952.png;short
extract_128.png;NOT
extract_1231.png;NOT
extract_1115.png;spur
extract_135.png;NOT
extract_261.png;short
extract_843.png;spur
extract_990.png;short
extract_985.png;NOT
extract_1158.png;short
extract_616.png;spur
extract_1213.png;spur
extract_364.png;NOT
extract_416.png;NOT
extract_153.png;NOT
extract_1368.png;short
extract_622.png;spur
extract_887.png;NOT
extract_1220.png;NOT
extract_1103.png;NOT
extract_66.png;NOT
extract_197.png;NOT
extract_1015.png;spur
extract_1079.png;NOT
extract_955.png;NOT
extract_1246.png;NOT
extract_539.png;spur
extract_339.png;NOT
extract_685.png;NOT
extract_541.png;spur
extract_545.png;NOT
extract_283.png;NOT
extract_1064.png;NOT
extract_906.png;NOT
extract_874.png;NOT
extract_241.png;short
extract_323.png;NOT
extract_981.png;NOT
extract_1348.png;spur
extract_515.png;NOT
extract_64.png;NOT
extract_1288.png;NOT
extract_363.png;short
extract_810.png;NOT
extract_158.png;NOT
extract_835.png;NOT
extract_1162.png;NOT
extract_192.png;NOT
extract_36.png;NOT
extract_1216.png;spurious copper
extract_461.png;NOT
extract_175.png;NOT
extract_767.png;spur
extract_900.png;NOT
extract_386.png;short
extract_1003.png;NOT
extract_271.png;spurious copper
extract_1335.png;NOT
extract_290.png;NOT
extract_29.png;spurious copper
extract_1209.png;spur
extract_625.png;spur
extract_856.png;short
extract_276.png;spurious copper
extract_903.png;short
extract_1208.png;spurious copper
extract_258.png;spur
extract_446.png;NOT
extract_785.png;NOT
extract_1113.png;NOT
extract_920.png;NOT
extract_870.png;NOT
extract_1379.png;spurious copper
extract_1205.png;NOT
extract_925.png;spurious copper
extract_862.png;NOT
extract_68.png;NOT
extract_77.png;spurious copper
extract_1278.png;short
extract_215.png;NOT
extract_908.png;NOT
extract_776.png;spurious copper
extract_941.png;NOT
extract_1126.png;spur
extract_1372.png;NOT
extract_1194.png;spur
extract_585.png;spur
extract_855.png;spur
extract_1037.png;NOT
extract_1171.png;NOT
extract_54.png;spur
extract_802.png;spur
extract_936.png;spur
extract_13.png;spur
extract_1260.png;short
extract_7.png;NOT
extract_1053.png;NOT
extract_3.png;NOT
extract_603.png;NOT
extract_1276.png;NOT
extract_136.png;NOT
extract_885.png;NOT
extract_706.png;NOT
extract_959.png;NOT
extract_318.png;NOT
extract_1077.png;NOT
extract_972.png;spurious copper
extract_440.png;spurious copper
extract_70.png;short
extract_456.png;spur
extract_300.png;short
extract_178.png;NOT
extract_114.png;spurious copper
extract_1261.png;spurious copper
extract_1280.png;short
extract_370.png;spurious copper
extract_1009.png;spur
extract_448.png;short
extract_526.png;NOT
extract_57.png;NOT
extract_397.png;spur
extract_725.png;spurious copper
extract_369.png;short
extract_317.png;NOT
extract_1227.png;NOT
extract_1353.png;NOT
extract_221.png;spur
extract_1186.png;NOT
extract_837.png;short
extract_453.png;spurious copper
extract_125.png;NOT
extract_188.png;NOT
extract_632.png;spur
extract_943.png;NOT
extract_631.png;spur
extract_244.png;short
extract_402.png;NOT
extract_838.png;spur
extract_690.png;NOT
extract_152.png;short
extract_1112.png;spur
extract_171.png;NOT
extract_262.png;spur
extract_586.png;short
extract_213.png;NOT
extract_879.png;NOT
extract_246.png;NOT
extract_1134.png;NOT
extract_1380.png;short
extract_304.png;NOT
extract_1144.png;NOT
extract_1254.png;spur
extract_1221.png;NOT
extract_1071.png;spur
extract_1204.png;NOT
extract_1069.png;NOT
extract_747.png;spurious copper
extract_427.png;short
extract_940.png;NOT
extract_841.png;short
extract_1303.png;spur
extract_634.png;spur
extract_505.png;spur
extract_1308.png;spur
extract_531.png;spur
extract_1050.png;NOT
extract_119.png;short
extract_326.png;NOT
extract_80.png;NOT
extract_1318.png;NOT
extract_689.png;NOT
extract_87.png;short
extract_780.png;NOT
extract_327.png;NOT
extract_994.png;short
extract_976.png;NOT
extract_1060.png;spurious copper
extract_349.png;NOT
extract_1249.png;spur
extract_865.png;spurious copper
extract_927.png;short
extract_1291.png;NOT
extract_1240.png;short
extract_893.png;spurious copper
extract_1027.png;NOT
extract_1214.png;spurious copper
extract_1004.png;NOT
extract_665.png;spurious copper
extract_1248.png;NOT
extract_656.png;spurious copper
extract_826.png;short
extract_1226.png;NOT
extract_460.png;short
extract_348.png;NOT
extract_777.png;spur
extract_1203.png;NOT
extract_332.png;NOT
extract_365.png;spurious copper
extract_1207.png;NOT
extract_807.png;NOT
extract_75.png;spur
extract_1257.png;short
extract_1178.png;spurious copper
extract_374.png;spur
extract_107.png;short
extract_1304.png;spurious copper
extract_31.png;NOT
extract_960.png;short
extract_217.png;spurious copper
extract_180.png;NOT
extract_438.png;spurious copper
extract_535.png;NOT
extract_1047.png;spurious copper
extract_485.png;NOT
extract_282.png;NOT
extract_165.png;NOT
extract_637.png;short
extract_748.png;short
extract_25.png;NOT
extract_886.png;NOT
extract_450.png;NOT
extract_419.png;NOT
extract_1196.png;spur
extract_676.png;NOT
extract_257.png;spur
extract_948.png;NOT
extract_496.png;NOT
extract_799.png;NOT
extract_743.png;spurious copper
extract_1188.png;short
extract_412.png;NOT
extract_1111.png;NOT
extract_809.png;NOT
extract_913.png;spurious copper
extract_1096.png;NOT
extract_538.png;spurious copper
extract_435.png;short
extract_1040.png;NOT
extract_1311.png;short
extract_750.png;spur
extract_433.png;spurious copper
extract_62.png;NOT
extract_329.png;NOT
extract_187.png;NOT
extract_796.png;NOT
extract_647.png;spur
extract_705.png;NOT
extract_567.png;pin hole
extract_937.png;short
extract_550.png;NOT
extract_101.png;spur
extract_76.png;spur
extract_514.png;NOT
extract_1283.png;NOT
extract_1383.png;spur
extract_801.png;NOT
extract_44.png;NOT
extract_1118.png;spur
extract_1135.png;NOT
extract_648.png;NOT
extract_17.png;NOT
extract_220.png;spur
extract_737.png;spur
extract_1375.png;short
extract_974.png;NOT
extract_143.png;spur
extract_1041.png;NOT
extract_1338.png;spur
extract_635.png;spurious copper
extract_1136.png;NOT
extract_607.png;NOT
extract_693.png;NOT
extract_449.png;short
extract_232.png;NOT
extract_278.png;NOT
extract_1020.png;NOT
extract_424.png;NOT
extract_579.png;NOT
extract_233.png;NOT
extract_828.png;NOT
extract_624.png;spur
extract_1061.png;NOT
extract_1034.png;short
extract_1235.png;NOT
extract_155.png;NOT
extract_679.png;NOT
extract_814.png;NOT
extract_285.png;NOT
extract_1307.png;spurious copper
extract_746.png;short
extract_827.png;NOT
extract_864.png;short
extract_552.png;NOT
extract_22.png;NOT
extract_390.png;NOT
extract_1137.png;NOT
extract_1046.png;NOT
extract_474.png;short
extract_37.png;spur
extract_1252.png;spurious copper
extract_311.png;spur
extract_966.png;short
extract_500.png;NOT
extract_1371.png;NOT
extract_1294.png;NOT
extract_191.png;NOT
extract_488.png;NOT
extract_1128.png;NOT
extract_1262.png;short
extract_229.png;NOT
extract_1364.png;NOT
extract_1014.png;NOT
extract_640.png;spur
extract_1327.png;spur
extract_1355.png;NOT
extract_195.png;NOT
extract_963.png;spurious copper
extract_670.png;NOT
extract_1151.png;NOT
extract_299.png;short
extract_457.png;NOT
extract_766.png;NOT
extract_684.png;NOT
extract_445.png;NOT
extract_222.png;spurious copper
extract_984.png;spurious copper
extract_309.png;NOT
extract_330.png;NOT
extract_1266.png;spur
extract_334.png;spur
extract_92.png;spur
extract_230.png;short
extract_563.png;spurious copper
extract_811.png;NOT
extract_652.png;NOT
extract_439.png;NOT
extract_367.png;short
extract_733.png;NOT
extract_970.png;short
extract_902.png;NOT
extract_15.png;NOT
extract_1025.png;NOT
extract_968.png;spur
extract_1263.png;NOT
extract_422.png;short
extract_82.png;NOT
extract_483.png;short
extract_1016.png;spur
extract_509.png;NOT
extract_1159.png;spur
extract_1376.png;short
extract_644.png;spurious copper
extract_458.png;NOT
extract_1017.png;NOT
extract_1337.png;spurious copper
extract_681.png;NOT
extract_688.png;NOT
extract_55.png;short
extract_1070.png;NOT
extract_599.png;NOT
extract_677.png;spur
extract_924.png;spur
extract_103.png;short
extract_1097.png;NOT
extract_1133.png;NOT
extract_353.png;spurious copper
extract_1206.png;NOT
extract_789.png;NOT
extract_934.png;NOT
extract_1200.png;spur
extract_779.png;spur
extract_757.png;NOT
extract_172.png;NOT
extract_490.png;NOT
extract_226.png;spur
extract_269.png;spur
extract_223.png;spurious copper
extract_576.png;NOT
extract_376.png;NOT
extract_1032.png;NOT
extract_1264.png;short
extract_1078.png;NOT
extract_1374.png;NOT
extract_664.png;short
extract_1147.png;NOT
extract_938.png;spurious copper
extract_111.png;spur
extract_946.png;spur
extract_804.png;NOT
extract_375.png;NOT
extract_1153.png;NOT
extract_583.png;spur
extract_343.png;NOT
extract_570.png;NOT
extract_894.png;NOT
extract_1259.png;spur
extract_328.png;NOT
extract_468.png;short
extract_711.png;NOT
extract_863.png;spurious copper
extract_716.png;NOT
extract_857.png;NOT
extract_1333.png;NOT
extract_824.png;NOT
extract_1146.png;NOT
extract_700.png;spurious copper
extract_562.png;short
extract_1093.png;NOT
extract_899.png;NOT
extract_268.png;short
extract_39.png;spurious copper
extract_720.png;spur
extract_588.png;NOT
extract_470.png;spurious copper
extract_1298.png;short
extract_589.png;spur
extract_503.png;spurious copper
extract_964.png;spur
extract_231.png;NOT
extract_355.png;spurious copper
extract_830.png;NOT
extract_478.png;spurious copper
extract_709.png;spur
extract_649.png;NOT
extract_467.png;spur
extract_556.png;NOT
extract_1250.png;NOT
extract_235.png;NOT
extract_1233.png;NOT
extract_953.png;NOT
extract_1067.png;spur
extract_638.png;spurious copper
extract_319.png;spurious copper
extract_1315.png;NOT
extract_1148.png;NOT
extract_46.png;spurious copper
extract_480.png;short
extract_1306.png;spurious copper
extract_248.png;NOT
extract_871.png;NOT
extract_1218.png;spur
extract_1052.png;NOT
extract_949.png;spur
extract_289.png;NOT
extract_5.png;NOT
extract_1106.png;spur
extract_1309.png;spurious copper
extract_1192.png;spur
extract_896.png;NOT
extract_127.png;NOT
extract_1086.png;NOT
extract_11.png;NOT
extract_27.png;short
extract_1122.png;NOT
extract_421.png;spur
extract_956.png;NOT
extract_358.png;short
extract_115.png;spur
extract_1369.png;spur
extract_1322.png;spurious copper
extract_1117.png;spurious copper
extract_1275.png;NOT
extract_81.png;short
extract_600.png;short
extract_527.png;spurious copper
extract_6.png;NOT
extract_387.png;short
extract_524.png;NOT
extract_344.png;short
extract_1024.png;NOT
extract_224.png;NOT
extract_408.png;NOT
extract_722.png;short
extract_1084.png;NOT
extract_787.png;NOT
extract_139.png;NOT
extract_1236.png;NOT
extract_338.png;NOT
extract_1273.png;NOT
extract_935.png;spurious copper
extract_1018.png;spurious copper
extract_611.png;NOT
extract_529.png;spurious copper
extract_1256.png;spur
extract_431.png;spur
extract_979.png;NOT
extract_1345.png;short
extract_853.png;NOT
extract_392.png;NOT
extract_320.png;short
extract_359.png;spurious copper
extract_1365.png;NOT
extract_196.png;NOT
extract_1156.png;NOT
extract_108.png;pin hole
extract_992.png;NOT
extract_1114.png;NOT
extract_831.png;NOT
extract_373.png;spur
extract_129.png;short
extract_170.png;NOT
extract_371.png;spurious copper
extract_137.png;NOT
extract_432.png;spur
extract_1193.png;spurious copper
extract_105.png;spurious copper
extract_707.png;short
extract_848.png;NOT
extract_19.png;NOT
extract_321.png;spur
extract_627.png;spurious copper
extract_471.png;short
extract_1183.png;NOT
extract_701.png;spur
extract_549.png;NOT
extract_614.png;NOT
extract_1367.png;NOT
extract_207.png;NOT
extract_286.png;NOT
extract_1185.png;NOT
extract_266.png;spurious copper
extract_1269.png;spur
extract_1319.png;NOT
extract_1068.png;NOT
extract_234.png;NOT
extract_880.png;spurious copper
extract_597.png;NOT
extract_735.png;short
extract_969.png;spurious copper
extract_858.png;short
extract_1354.png;NOT
extract_1039.png;NOT
extract_1083.png;NOT
extract_1031.png;NOT
extract_1019.png;NOT
extract_995.png;NOT
extract_1160.png;spurious copper
extract_610.png;spurious copper
extract_67.png;NOT
extract_713.png;NOT
extract_255.png;spurious copper
extract_987.png;NOT
extract_1110.png;NOT
extract_184.png;NOT
extract_673.png;short
extract_243.png;spur
extract_926.png;NOT
extract_481.png;spur
extract_202.png;NOT
extract_916.png;spur
extract_710.png;NOT
extract_227.png;NOT
extract_575.png;short
extract_850.png;spur
extract_633.png;spurious copper
extract_113.png;spur
extract_464.png;NOT
extract_769.png;short
extract_658.png;short
extract_532.png;NOT
extract_123.png;NOT
extract_1377.png;spurious copper
extract_1023.png;NOT
extract_38.png;short
extract_1202.png;short
extract_482.png;short
extract_847.png;short
extract_901.png;NOT
extract_553.png;NOT
extract_16.png;NOT
extract_1105.png;NOT
extract_8.png;NOT
extract_770.png;short
extract_295.png;NOT
extract_604.png;NOT
extract_628.png;short
extract_1324.png;short
extract_1168.png;spurious copper
extract_1224.png;NOT
extract_803.png;spurious copper
extract_568.png;spurious copper
extract_1121.png;spurious copper
extract_1242.png;NOT
extract_1187.png;spurious copper
extract_501.png;NOT
extract_1331.png;short
extract_60.png;NOT
extract_308.png;spurious copper
extract_169.png;NOT
extract_21.png;NOT
extract_961.png;spur
extract_1181.png;spur
extract_758.png;NOT
extract_915.png;short
extract_288.png;NOT
extract_1022.png;spur
extract_472.png;spur
extract_380.png;spurious copper
extract_173.png;NOT
extract_1169.png;NOT
extract_118.png;spurious copper
extract_727.png;spurious copper
extract_892.png;NOT
extract_1143.png;NOT
extract_100.png;short
extract_132.png;spur
extract_998.png;NOT
extract_1085.png;spurious copper
extract_346.png;spur
extract_1155.png;NOT
extract_517.png;NOT
extract_1287.png;NOT
extract_821.png;NOT
extract_1152.png;NOT
extract_1100.png;NOT
extract_680.png;NOT
extract_274.png;NOT
extract_596.png;NOT
extract_889.png;NOT
extract_698.png;spur
extract_437.png;spur
extract_1150.png;NOT
extract_1176.png;spurious copper
extract_201.png;NOT
extract_1123.png;NOT
extract_322.png;spurious copper
extract_1010.png;short
extract_325.png;NOT
extract_542.png;NOT
extract_641.png;spur
extract_1044.png;NOT
extract_1102.png;NOT
extract_560.png;NOT
extract_782.png;NOT
extract_1212.png;spur
extract_986.png;spurious copper
extract_1170.png;NOT
extract_773.png;short
extract_73.png;spurious copper
extract_1239.png;NOT
extract_104.png;spurious copper
extract_400.png;spur
extract_1384.png;spurious copper
extract_142.png;NOT
extract_493.png;NOT
extract_120.png;NOT
extract_975.png;NOT
extract_907.png;spur
extract_1344.png;spurious copper
extract_866.png;NOT
extract_1049.png;spur
extract_23.png;NOT
extract_337.png;spur
extract_219.png;spurious copper
extract_492.png;NOT
extract_398.png;NOT
extract_30.png;spur
extract_473.png;NOT
extract_914.png;NOT
extract_1271.png;NOT
extract_85.png;spur
extract_537.png;short
extract_14.png;NOT
extract_425.png;spur
extract_1274.png;NOT
extract_415.png;NOT
extract_530.png;short
extract_654.png;NOT
extract_1238.png;NOT
extract_208.png;NOT
extract_989.png;NOT
extract_267.png;short
extract_413.png;NOT
extract_699.png;spurious copper
extract_1258.png;spurious copper
extract_587.png;NOT
extract_45.png;NOT
extract_805.png;NOT
extract_12.png;NOT
extract_726.png;short
extract_1255.png;short
extract_511.png;short
extract_1082.png;NOT
extract_818.png;NOT
extract_210.png;NOT
extract_189.png;NOT
extract_774.png;spur
extract_74.png;spur
extract_99.png;NOT
extract_312.png;short
extract_507.png;NOT
extract_1362.png;NOT
extract_784.png;NOT
extract_204.png;NOT
extract_198.png;NOT
extract_1063.png;NOT
extract_923.png;NOT
extract_555.png;NOT
extract_174.png;NOT
extract_161.png;short
extract_1199.png;NOT
extract_697.png;open
extract_1065.png;NOT
extract_655.png;NOT
extract_1195.png;spurious copper
extract_1370.png;spurious copper
extract_854.png;NOT
extract_734.png;NOT
extract_56.png;NOT
extract_1002.png;spur
extract_489.png;NOT
extract_237.png;NOT
extract_945.png;spurious copper
extract_388.png;NOT
extract_310.png;short
extract_692.png;NOT
extract_581.png;NOT
extract_302.png;spur
extract_877.png;NOT
extract_512.png;NOT
extract_1378.png;NOT
extract_1166.png;NOT
extract_508.png;NOT
extract_977.png;NOT
extract_760.png;NOT
extract_744.png;short
extract_1251.png;NOT
extract_95.png;NOT
extract_1.png;spurious copper
extract_1057.png;NOT
extract_687.png;NOT
extract_1316.png;spur
extract_605.png;NOT
extract_58.png;NOT
extract_540.png;short
extract_1326.png;short
extract_1241.png;NOT
extract_557.png;NOT
extract_379.png;spur
extract_1119.png;spurious copper
extract_462.png;NOT
extract_1124.png;spurious copper
extract_1330.png;NOT
extract_250.png;spur
extract_1172.png;short
extract_352.png;NOT
extract_168.png;NOT
extract_110.png;spurious copper
extract_1062.png;NOT
extract_245.png;spurious copper
extract_763.png;NOT
extract_28.png;spur
extract_42.png;NOT
extract_626.png;short
extract_1142.png;NOT
extract_236.png;spur
extract_636.png;spurious copper
extract_895.png;NOT
extract_410.png;NOT
extract_1286.png;NOT
extract_891.png;NOT
extract_53.png;spur
extract_1320.png;spur
extract_1175.png;spur
extract_270.png;spurious copper
extract_629.png;short
extract_1130.png;short
extract_997.png;NOT
extract_666.png;NOT
extract_558.png;NOT
extract_247.png;NOT
extract_1042.png;NOT
extract_306.png;NOT
extract_366.png;NOT
extract_360.png;spur
extract_674.png;NOT
extract_671.png;NOT
extract_177.png;NOT
extract_878.png;NOT
extract_783.png;NOT
extract_428.png;NOT
extract_619.png;short
extract_1149.png;NOT
extract_499.png;NOT
extract_59.png;NOT
extract_623.png;spurious copper
extract_382.png;NOT
extract_1056.png;NOT
extract_32.png;spur
extract_1277.png;NOT
extract_1217.png;spurious copper
extract_513.png;NOT
extract_1066.png;short
extract_686.png;spurious copper
extract_1343.png;spurious copper
extract_798.png;NOT
extract_273.png;spur
extract_645.png;spurious copper
extract_868.png;spur
extract_452.png;spurious copper
extract_1292.png;spurious copper
extract_806.png;NOT
extract_771.png;spur
extract_905.png;spur
extract_1279.png;spur
extract_1029.png;NOT
extract_154.png;NOT
extract_954.png;NOT
extract_176.png;NOT
extract_1346.png;spurious copper
extract_999.png;spur
extract_942.png;NOT
extract_1080.png;spur
extract_521.png;NOT
extract_1091.png;NOT
extract_148.png;spurious copper
extract_447.png;spur
extract_292.png;NOT
extract_203.png;NOT
extract_205.png;NOT
extract_1045.png;spurious copper
extract_702.png;spurious copper
extract_293.png;NOT
extract_820.png;NOT
extract_225.png;short
extract_1381.png;short
extract_265.png;spurious copper
extract_1007.png;NOT
extract_791.png;NOT
extract_790.png;NOT
extract_574.png;NOT
extract_653.png;NOT
extract_1108.png;spurious copper
extract_691.png;NOT
extract_1300.png;spurious copper
extract_149.png;NOT
extract_252.png;short
extract_1127.png;NOT
extract_209.png;NOT
extract_967.png;spurious copper
extract_141.png;NOT
extract_167.png;NOT
extract_876.png;spurious copper
extract_487.png;NOT
extract_345.png;spur
extract_800.png;NOT
extract_659.png;spur
extract_708.png;NOT
extract_417.png;NOT
extract_361.png;spurious copper
extract_1321.png;spur
extract_1352.png;spur
extract_301.png;spur
extract_164.png;NOT
extract_663.png;spurious copper
extract_1363.png;NOT
extract_1058.png;NOT
extract_732.png;NOT
extract_869.png;NOT
extract_882.png;NOT
extract_4.png;NOT
extract_756.png;short
extract_1129.png;NOT
extract_812.png;NOT
extract_1094.png;NOT
extract_185.png;spurious copper
extract_846.png;spurious copper
extract_122.png;spur
extract_1088.png;short
extract_660.png;NOT
extract_134.png;NOT
extract_547.png;NOT
extract_83.png;NOT
extract_354.png;short
extract_719.png;spur
extract_253.png;spurious copper
extract_578.png;NOT
extract_1305.png;short
extract_1072.png;spurious copper
extract_372.png;NOT
extract_97.png;NOT
extract_703.png;spur
extract_593.png;NOT
extract_1101.png;short
extract_1313.png;spur
extract_1013.png;NOT
extract_808.png;short
extract_436.png;short
extract_34.png;NOT
extract_1184.png;NOT
extract_1099.png;NOT
extract_606.png;NOT
extract_1237.png;NOT
extract_297.png;NOT
extract_834.png;NOT
extract_1312.png;spurious copper
extract_572.png;NOT
extract_351.png;NOT
extract_1296.png;NOT
extract_528.png;spur
extract_1244.png;NOT
extract_144.png;NOT
extract_1095.png;NOT
extract_1245.png;NOT
extract_683.png;NOT
extract_280.png;NOT
extract_1006.png;NOT
extract_1272.png;spur
extract_1109.png;NOT
extract_186.png;NOT
extract_1074.png;NOT
extract_1030.png;NOT
extract_564.png;spur
extract_182.png;NOT
extract_477.png;spurious copper
extract_751.png;spur
extract_138.png;NOT
extract_9.png;NOT
extract_1357.png;short
extract_1325.png;spurious copper
extract_741.png;NOT
extract_1173.png;spurious copper
extract_1282.png;NOT
extract_1163.png;short
extract_1098.png;NOT
extract_109.png;spurious copper
extract_1001.png;NOT
extract_316.png;short
extract_884.png;short
extract_755.png;spurious copper
extract_911.png;spur
extract_569.png;NOT
extract_788.png;NOT
extract_78.png;spurious copper
extract_584.png;NOT
extract_1210.png;spurious copper
extract_729.png;spurious copper
extract_340.png;spur
extract_84.png;spurious copper
extract_1026.png;short
extract_403.png;NOT
extract_1229.png;spurious copper
extract_778.png;short
extract_1219.png;NOT
extract_368.png;NOT
extract_739.png;short
extract_211.png;NOT
extract_525.png;NOT
extract_630.png;short
extract_331.png;NOT
extract_1289.png;spur
extract_662.png;spur
extract_594.png;NOT
extract_1361.png;spurious copper
extract_867.png;NOT
extract_519.png;NOT
extract_918.png;spurious copper
extract_1179.png;NOT
extract_426.png;short
extract_313.png;spurious copper
extract_765.png;NOT
extract_859.png;NOT
extract_829.png;NOT
extract_1035.png;spurious copper
extract_260.png;NOT
extract_162.png;NOT
extract_608.png;NOT
extract_145.png;short
extract_466.png;spurious copper
extract_200.png;NOT
extract_420.png;short
extract_1339.png;NOT
extract_947.png;NOT
extract_444.png;spurious copper
extract_1332.png;NOT
extract_212.png;NOT
extract_1139.png;spurious copper
extract_98.png;NOT
extract_1167.png;short
extract_33.png;NOT
extract_561.png;spur
extract_754.png;NOT
extract_357.png;spur
extract_1334.png;NOT
extract_272.png;short
extract_475.png;spur
extract_193.png;NOT
extract_409.png;NOT
extract_675.png;short
extract_546.png;NOT
extract_1360.png;spur
extract_909.png;NOT
extract_256.png;spurious copper
extract_1268.png;spur
extract_522.png;NOT
extract_957.png;NOT
extract_672.png;NOT
extract_775.png;spurious copper
extract_1165.png;NOT
extract_921.png;NOT
extract_1201.png;spurious copper
extract_819.png;NOT
extract_613.png;NOT
extract_1342.png;spur
extract_214.png;NOT
extract_861.png;NOT
extract_124.png;spur
extract_1048.png;NOT
extract_793.png;NOT
extract_551.png;spurious copper
extract_832.png;NOT
extract_518.png;NOT
extract_377.png;NOT
extract_384.png;NOT
extract_612.png;NOT
extract_1043.png;NOT
extract_598.png;NOT
extract_840.png;NOT
extract_573.png;NOT
extract_1107.png;NOT
extract_543.png;NOT
extract_407.png;NOT
extract_1265.png;NOT
extract_72.png;short
extract_872.png;NOT
extract_721.png;spurious copper
extract_2.png;NOT
extract_1299.png;short
extract_738.png;spurious copper
extract_1328.png;NOT
extract_414.png;NOT
extract_1215.png;NOT
extract_1051.png;NOT
extract_548.png;spur
extract_1230.png;NOT
extract_752.png;spurious copper
extract_418.png;NOT
extract_742.png;spur
extract_792.png;NOT
extract_495.png;NOT
extract_1356.png;NOT
extract_929.png;short
extract_1161.png;spurious copper
extract_931.png;NOT
extract_140.png;NOT
extract_479.png;spur
extract_590.png;NOT
extract_917.png;spur
extract_715.png;NOT
extract_1138.png;NOT
extract_35.png;NOT
extract_1055.png;NOT
extract_1116.png;spurious copper
extract_287.png;NOT
extract_441.png;NOT
extract_582.png;NOT
extract_1180.png;NOT
extract_117.png;NOT
extract_1336.png;short
extract_240.png;spur
extract_533.png;NOT
extract_618.png;NOT
